intent_name,language,user_utterance,response
balance,English,What is my balance?,"Your balance is ‚Ç¶5,000"
balance,English,balance,"Your balance is ‚Ç¶5,000"
balance,English,How much do I have left in my account,"You have ‚Ç¶5,000 left in your account."
balance,English,How much is my balance?,"Your balance is ‚Ç¶5,000"
balance,English,How much is my current balance?,"You currently have ‚Ç¶5,000"
balance,Yoruba,Ki ni balance mi?,"Balance r·∫π ni ‚Ç¶5,000"
balance,Yoruba,Elo ni balance mi?,"‚Ç¶5,000 ni balance r·∫π"
balance,Yoruba,balance mi je elo,"Balance r·∫π je ‚Ç¶5,000"
balance,Yoruba,elo ni owo mi ku,"Owo e sheku ‚Ç¶5,000"
balance,Yoruba,owo mi ku elo,"Owo e ku ‚Ç¶5,000"
balance,pidgin,weytin be my balance,"Your balance na ‚Ç¶5,000"
balance,pidgin,my balance bi how much,"Your balance na ‚Ç¶5,000"
balance,pidgin,my money remain how much,"Your money remain ‚Ç¶5,000"
balance,pidgin,i wan know how much i get,"you get ‚Ç¶5,000"
balance,pidgin,make i see my balance,"Your balance na ‚Ç¶5,000"
transfer,English,"Send ‚Ç¶2,000 to Tunde","Transfer of ‚Ç¶2,000 to Tunde is successful"
transfer,English,"transfer ‚Ç¶2,000 to Tunde","‚Ç¶2,000 has been sent to Tunde"
transfer,English,"make a transfer of ‚Ç¶2,000 to Tunde","Tunde has been sent ‚Ç¶2,000"
transfer,English,"i want to send ‚Ç¶2,000 to Tunde","ok, Tunde has been successfully sent ‚Ç¶2,000"
transfer,English,"Kindly send ‚Ç¶2,000 to Tunde","Tunde has received ‚Ç¶2,000."
transfer,Yoruba,"ran ‚Ç¶2,000 si Tunde","Tunde ti gba ‚Ç¶2,000"
transfer,Yoruba,"fi ‚Ç¶2,000 si gbigbe Tunde","mo ti fi ‚Ç¶2,000 si Tunde"
transfer,Yoruba,"Mo fe fi ‚Ç¶2,000 ranse si Tunde","Tunde ti gba ‚Ç¶2,000"
transfer,Yoruba,"jowo bami fi ‚Ç¶2,000 ranse si Tunde","Gbigbe ‚Ç¶2,000 si Tunde ti pari ni a·π£ey·ªçri"
transfer,Yoruba,"gbe ‚Ç¶2,000 ranse si Tunde","Tunde ti gba ‚Ç¶2,000 re"
transfer,pidgin,"Send ‚Ç¶2,000 give Tunde","You don send ‚Ç¶2,000 give Tunde"
transfer,pidgin,"Help me run ‚Ç¶2,000 to Tunde","‚Ç¶2,000 don land for Tundes account"
transfer,pidgin,"i wan send ‚Ç¶2,000 to Tunde","Tunde don receive the ‚Ç¶2,000"
transfer,pidgin,"help me push ‚Ç¶2,000 ender Tunde's side",The money don reach Tunde
transfer,pidgin,"transfer ‚Ç¶2,000 for Tunde",the transfer don go through
ajo,English,Join 30k pack 500k ajo group,You have successfully joined Ajo group
ajo,English,Enter 30k pack 500k ajo circle,You are now part of the ajo group.
ajo,English,Become a part of the 30k recieve 500k ajo group,Welcome to the Ajo group.
ajo,English,sign up for the 30k receive 500k ajo plan,You have successfully been added. 
ajo,English,I want to join the 30k receive 500k ajo plan,You have joined successfully.
ajo ,Yoruba,Darapo mo egbe ajo 30k kin ko 500k,O ti darap·ªç m·ªç ·∫πgb·∫πÃÅ Ajo r·∫π n√≠ a·π£ey·ªçri
ajo,Yoruba,wole si egbe ajo 30k ko 500k,·∫∏gb·∫πÃÅ Ajo r·∫π ti gba ·ªç w·ªçl√© ni a·π£ey·ªçri
ajo ,Yoruba,wo egbe ajo 30k ko 500k,O ti di omo ·∫∏gb·∫πÃÅ ajo
ajo,Yoruba,ko ara jo pelu egbe Ajo 30k ko 500k ,o ti join ajo 
ajo,Yoruba,forukosile fun ajo 30 thousand ko 500,·∫∏gb·∫πÃÅ Ajo r·∫π ti gba ·ªç w·ªçl√© ni a·π£ey·ªçri
ajo,pidgin,Join ‚Ç¶30k pack ‚Ç¶500k Ajo group,You don join your Ajo group 
ajo,pidgin,Enter ‚Ç¶30k pack ‚Ç¶500k Ajo team,Dem don add you to your Ajo group
ajo,pidgin,Put body for ‚Ç¶30k pack ‚Ç¶500k Ajo run,You don enter the Ajo team successfully
ajo,pidgin,write my name for 30k pack 500k ajo group,Your name don show for the Ajo list
ajo,pidgin,i wan follow ‚Ç¶30k pack ‚Ç¶500k Ajo people,You dey inside the Ajo group 
save_goal,English,I want to save towards Bola‚Äôs school fees,Alright! Let‚Äôs start saving towards Bola‚Äôs school fees.
save_goal,English,Help me start saving for rent,Rent savings goal created
save_goal,English,save for market from Kano,I‚Äôve created a saving goal for your kano goods.
save_goal,English,save towards Femis WAEC fees,Savings goal created successfully
save_goal,English,Save for cargo fees for china goods,Savings plan created
save_goal,Yoruba,Mo f·∫πÃÅ fi owo pam·ªçÃÅ f√∫n ow√≥ school Bola,√ì d√°a! J·∫πÃÅ k√° b·∫πÃÄr·∫πÃÄ fipam·ªçÃÅ f√∫n ow√≥ school Bola
save_goal,Yoruba,ran mi lowo lati fi own panfo fun iyalo ,A ti d√° √†foj√∫s√πn fipam·ªçÃÅ f√∫n iyalo r·∫π
save_goal,Yoruba,fipamo fun oja lati Kano,Mo ti d√° √†foj√∫s√πn fipam·ªçÃÅ f√∫n aw·ªçn ·∫πru r·∫π lati Kano
save_goal,Yoruba,Fipam·ªçÃÅ f√∫n ow√≥ WAEC F·∫πmi,√Äfoj√∫s√πn fipam·ªçÃÅ ti ·π£·∫πÃÄ·π£·∫πÃÄ d√° ni a·π£ey·ªçri
save_goal,Yoruba,fipamo fun owo oja rira lati china,√àt√≤ fipam·ªçÃÅ ti d√°
save_goal,pidgin,I wan save for Bola school fees,No wahala! Make we start to save for Bola school fees
save_goal,pidgin,Help me begin save for house rent,Rent saving goal don set
save_goal,pidgin,Save for market wey dey come from Kano,I don create saving goal for your Kano goods
save_goal,pidgin,Save for Femi WAEC money,Saving goal don complete successfully
save_goal,pidgin,Save for cargo money for China goods,Saving plan don ready
airtime,English,I want to buy airtime,How much airtime would you like to buy and for which number?
airtime,English,buy ‚Ç¶500 airtime for 08046322344,Done
airtime,English,Top up my line with ‚Ç¶500,Done! ‚Ç¶500 MTN airtime successfully purchased
airtime,English,I want to buy credit ,Airtime top-up complete
airtime,English,I need credit for 07045673298,Your airtime purchase was successful
airtime,Yoruba,Mo f·∫πÃÅ r√† airtime,Elo ni o f·∫πÃÅ r√† ati f√∫n ta ni?
airtime,Yoruba,ba mi ra credit 500 fun 08046322344,mo ti ra
airtime,Yoruba,Recharge foonu mi,Airtime ‚Ç¶500 ti ra fun ·ªçÃÅ ni a·π£ey·ªçri
airtime,Yoruba,mo fe ra credit,Elo ni o f·∫πÃÅ r√† ati f√∫n ta ni?
airtime,Yoruba,Mo nilo airtime f√∫n  07045673298,Rira airtime r·∫π ti ·π£a·π£ey·ªçri
airtime,pidgin,I wan buy airtime,How much credit you wan buy and for which number?
airtime,pidgin,Recharge my phone,Okay! How much make I recharge?
airtime,pidgin,Buy ‚Ç¶500 MTN credit,Done! ‚Ç¶500 MTN credit don go through
airtime,pidgin,Top up my line,Your phone don get airtime
airtime,pidgin,I need credit for this number,Airtime don land successfully
auto_tip,English,(system_triggered),"üí° Tip of the day: Save before you spend, even if it‚Äôs just ‚Ç¶100."
auto_tip,English,(system_triggered),üí° Did you know? Keeping separate accounts for bills and savings helps you stay disciplined.
auto_tip,English,(system_triggered),"üí° Never share your BVN or PIN with anyone, not even someone claiming to be from your bank."
auto_tip,English,(system_triggered),üí° Always double-check the account number before sending money. Mistakes can be costly.
auto_tip,Yoruba,(system_triggered),"üí° √åm·ªçÃÄr√†n √≤n√≠: Fipam·ªçÃÅ ·π£√°√°j√∫ k√≠ o t√≥ na, b√≥y√° √≥ j·∫πÃÅ ‚Ç¶100 ni."
auto_tip,Yoruba,(system_triggered),üí° ·π¢√© o m·ªçÃÄ p√© p√≠pa √†k·ªç·ªçl·∫πÃÄ m√©j√¨ f√∫n √¨sanw√≥ √†ti fipam·ªçÃÅ l√® r√†n ·∫π l·ªçw·ªç lati ·π£√†k√≥so ow√≥ d√°ad√°a?
auto_tip,Yoruba,(system_triggered),"üí° M√° fi BVN t√†b√≠ PIN r·∫π f√∫n ·∫πnik·∫πÃÅni, k√≥ j·∫πÃÅ ·∫πni t√≥ s·ªç p√© √≥ w√° l√°ti ·ªçÃÅf√≠√¨s√¨ banki."
auto_tip,Yoruba,(system_triggered),"üí° ·π¢√†y·∫πÃÄw√≤ nomba √†k·ªç·ªçl·∫πÃÄ d√°ad√°a k√≠ o t√≥ fi ow√≥ ran·π£·∫π, a·π£√¨·π£e le j·∫π gbow√≥."
auto_tip,pidgin,(system_triggered),"üí° Tip of the day: Try save small before you spend, even if na just ‚Ç¶100."
auto_tip,pidgin,(system_triggered),"üí° You sabi say if you get separate account for bills and savings, e go help you manage money well?"
auto_tip,pidgin,(system_triggered),"üí° No ever give anybody your BVN or PIN, even if dem say dem be bank people."

auto_tip,pidgin,(system_triggered),"üí° Always check account number well before you send money, mistake fit cost you."
